,,,,,,,,,,,,,
,Category,Evaluation Criterion,Description / What to Measure (Score 1-5),Weight (0-3),Claude Code,Qwen3-Coder,GitHub Copilot,Gemini AI,CodeX,KimiK2code,GLM-5,CoDA-v0,Google Antigravity
,Workflow & Setup,Setup & Configuration,"How easy is it to install, configure, and document the tool?",1,5,5,5,,,,4,,
,,Learning Curve,How quickly can a Flutter developer become productive with this tool?,1,5,5,,,,,5,,
,Code Generation,Accuracy & Correctness,How often does the AI generate syntactically and semantically correct Dart/Flutter code?,1,5,5,,,,,5,,
,,Feature Creation,"Ability to generate a small, functional feature completely from scratch based on a prompt.",1,5,5,,,,,5,,
,,Maintainability & Readability,"Is the generated code clean, modular, and adhering to standard Flutter styling conventions?",1,4,4,,,,,5,,
,,Code Consistency,"Does the AI maintain consistent naming conventions, state management, and architectural patterns?",1,5,5,,,,,5,,
,Context & Memory,Instruction Following,How strictly and accurately does the AI follow the specific rules and constraints provided?,1,5,5,,,,,4,,
,,Context Awareness,"Ability to remember project structure, previous code, or prompt context across a session.",1,4,5,,,,,5,,
,,Context Window Limits,"How well does it handle large codebases without ""forgetting"" early information or failing?",1,4,5,,,,,4,,
,,Token Efficiency,Does it achieve the desired output concisely without wasting token limits on unnecessary text?,1,4,4,,,,,5,,
,,Project-Level Instruction,Can the tool consistently apply project-level constraints without re-prompting in every interaction and strictly follow defined architecture rules?,,5,5,,,,,4,,
,Architecture & Planning,Feature Planning,How well does the AI help outline and plan a feature before writing the implementation code?,1,5,5,,,,,5,,
,,Architecture Summary,Ability to evaluate Post Fusion system and output a clear architectural summary/markdown.,1,5,,,,,,5,,
,,Multi-step / Role-based,"How well does it handle persona prompting (e.g., acting sequentially as Architect, Implementer, Reviewer)?",1,5,5,,,,,5,,
,,Sub-agent Support,"Can the tool utilize sub-agents to break down and execute complex, multi-file tasks asynchronously?",1,5,,,,,,3,,
,Problem Solving,Bug Finding & Fixing,How efficiently can it identify and resolve small to medium bugs in existing code?,1,5,5,,,,,4,,
,,Iterative Refinement,How effectively can the developer converse with the AI to refine and tweak a generated feature?,1,5,5,,,,,4,,
,,Handling AI Mistakes,"When the AI makes an error, how well does it recover, understand the correction, and fix it?",1,5,5,,,,,5,,
,,Tech Debt Identification,"Ability to analyze code, identify technical debt, and generate a list of refactoring recommendations.",1,5,,,,,,4,,
,Operational/Non-Functional,Security & Intellectual Property,Can the model be run locally or in a secure sandbox to keep proprietary code completely private?,1,1,,,,,,1,,
,,Cost Considerations,"How cost-effective is the model for a development team (API costs, token costs, subscription)?",1,3,4,,,,,3,,
,,Response Time / Latency,Speed of code generation and suggestions (critical for not interrupting developer workflow/flow state).,1,4,3,,,,,3,,
,,IDE Integration,"How seamless is the integration with VS Code, Android Studio, or IntelliJ?",1,5,4,,,,,5,,
,,Rate Limiting,How often do you experience Rate Limiting?,1,1,,,,,,4,,
,Documentation,Documentation & Commenting,"Ability to generate meaningful, accurate doc comments, inline comments, or README files.",1,4,3,,,,,5,,
,Overall Impact,Productivity Observations,Subjective team observation: Does this tool actually save time and reduce cognitive load?,1,5,5,,,,,5,,